{"cameraMode":{"drawMode":0,"name":"Shaded","section":"Shading Mode"},"sceneLighting":false,"audioPlay":false,"sceneViewState":{"m_AlwaysRefresh":false,"showFog":false,"showSkybox":false,"showFlares":false,"showImageEffects":false,"showParticleSystems":false,"showVisualEffectGraphs":true,"m_FxEnabled":true},"in2DMode":false,"pivot":{"x":-0.00018841028213500977,"y":0.8488681316375732,"z":0.00836867094039917},"rotation":{"x":0.021948887035250665,"y":0.9347516894340515,"z":0.060290444642305377,"w":-0.35001689195632937},"size":1.4114933013916016,"orthographic":false}