{"cameraMode":{"drawMode":0,"name":"Shaded","section":"Shading Mode"},"sceneLighting":false,"audioPlay":false,"sceneViewState":{"m_AlwaysRefresh":false,"showFog":false,"showSkybox":false,"showFlares":false,"showImageEffects":false,"showParticleSystems":false,"showVisualEffectGraphs":true,"m_FxEnabled":true},"in2DMode":false,"pivot":{"x":0.7874583601951599,"y":1.091965675354004,"z":0.023334603756666185},"rotation":{"x":0.04220331087708473,"y":-0.8423665165901184,"z":0.06588811427354813,"w":0.5335493683815002},"size":0.9956789612770081,"orthographic":false}